KEY,CNSRTKEY,NAME,STA,CDBG19,HOME19,ESG19,HOPWA19,HTF19
029999,,Alaska Nonentitlement,AK,3017702,"$3,005,732",250712,$0,"$3,000,000"
040018,,Avondale City,AZ,695530,$0,0,$0,$0
040054,,Casa Grande,AZ,415071,$0,0,$0,$0
040072,,Chandler,AZ,1369267,$0,0,$0,$0
040114,,Douglas city,AZ,173759,$0,0,$0,$0
040144,,Flagstaff,AZ,616928,$0,0,$0,$0
040180,,Gilbert,AZ,924318,$0,0,$0,$0
040186,,Glendale,AZ,2473509,$0,210024,$0,$0
040270,,Mesa,AZ,3729487,"$1,356,261",308423,$0,$0
040324,,Peoria City,AZ,840498,$0,0,$0,$0
040330,,Phoenix,AZ,16422095,"$5,522,414",1391815,"$2,687,294",$0
040348,,Prescott,AZ,244622,$0,0,$0,$0
040384,,Scottsdale,AZ,1161843,$0,0,$0,$0
040408,,Sierra Vista city,AZ,271174,$0,0,$0,$0
040456,,Surprise City,AZ,671119,$0,0,$0,$0
040468,,Tempe,AZ,1670893,$0,0,$0,$0
040492,04C040,Tucson,AZ,5504357,"$3,263,501",468288,"$665,871",$0
010072,01C983,Anniston,AL,556454,"$390,089",0,$0,$0
010144,,Auburn,AL,592783,$0,0,$0,$0
010216,,Bessemer,AL,577199,$0,0,$0,$0
010228,,Birmingham,AL,5870169,"$1,313,336",499041,"$1,365,496",$0
010594,,Decatur,AL,470681,$0,0,$0,$0
010624,,Dothan,AL,485750,$0,0,$0,$0
010750,,Fairhope,AL,93529,$0,0,$0,$0
010810,,Florence,AL,343768,$0,0,$0,$0
010882,,Gadsden,AL,1019805,$0,0,$0,$0
011218,,Huntsville,AL,1303425,"$604,151",0,$0,$0
011542,,Mobile,AL,2375186,"$786,672",199149,$0,$0
011560,,Montgomery,AL,1665597,"$859,076",149024,$0,$0
011740,,Opelika,AL,255632,$0,0,$0,$0
012268,,Tuscaloosa,AL,783595,"$398,063",0,$0,$0
019073,,Jefferson County,AL,2330492,"$932,378",199869,$0,$0
019097,,Mobile County,AL,1518243,"$536,837",0,$0,$0
019999,,Alabama Nonentitlement,AL,22938818,"$10,425,124",2639097,"$2,232,232","$3,000,000"
020078,,Anchorage,AK,1720154,"$663,207",146461,$0,$0
040558,04C997,Yuma,AZ,843078,"$977,984",0,$0,$0
049013,04C039,Maricopa County,AZ,2989846,"$4,332,645",251836,$0,$0
049019,,Pima County,AZ,2945544,$0,246397,$0,$0
049021,,Pinal County,AZ,1301489,$0,0,$0,$0
049999,,Arizona Nonentitlement,AZ,10108167,"$5,607,336",1835776,"$349,656","$3,801,428"
050600,,Conway,AR,472390,$0,0,$0,$0
050894,,Fayetteville,AR,702439,$0,0,$0,$0
050930,,Fort Smith,AR,868033,"$419,704",0,$0,$0
051302,,Hot Springs,AR,451010,$0,0,$0,$0
051374,,Jacksonville,AR,206559,$0,0,$0,$0
051410,,Jonesboro,AR,604085,$0,0,$0,$0
051560,,Little Rock,AR,1451550,"$622,121",0,"$495,457",$0
051938,,North Little Rock,AR,666055,"$279,664",0,$0,$0
052130,,Pine Bluff,AR,668843,"$229,099",0,$0,$0
052304,,Rogers,AR,459576,$0,0,$0,$0
052466,,Springdale,AR,812275,$0,0,$0,$0
052556,,Texarkana,AR,249638,$0,0,$0,$0
052754,,West Memphis,AR,299368,$0,0,$0,$0
059999,,Arkansas Nonentitlement,AR,17853442,"$8,975,719",2162085,"$815,150","$3,000,000"
060012,,Alameda,CA,1122143,$0,0,$0,$0
060030,,Alhambra,CA,978673,"$529,955",0,$0,$0
060032,,Aliso Viejo,CA,219032,$0,0,$0,$0
060078,,Anaheim,CA,4221477,"$1,406,689",361359,"$2,246,413",$0
060102,,Antioch,CA,816027,$0,0,$0,$0
060108,06C226,Apple Valley,CA,625395,"$721,434",0,$0,$0
060228,,Bakersfield,CA,3714311,"$1,399,854",308712,"$560,733",$0
060234,,Baldwin Park,CA,970832,"$287,401",0,$0,$0
060288,,Bellflower,CA,977534,"$358,813",0,$0,$0
060324,,Berkeley,CA,2667120,"$737,273",227398,$0,$0
060450,,Buena Park,CA,797863,$0,0,$0,$0
060456,,Burbank,CA,1030685,"$556,969",0,$0,$0
060516,,Camarillo,CA,311056,$0,0,$0,$0
060564,,Carlsbad,CA,565819,$0,0,$0,$0
060594,,Carson,CA,818689,$0,0,$0,$0
060624,,Cathedral City,CA,607329,$0,0,$0,$0
060684,,Chico,CA,834220,"$491,240",0,$0,$0
060708,,Chino,CA,554114,$0,0,$0,$0
060709,,Chino Hills,CA,385564,$0,0,$0,$0
060720,,Chula Vista,CA,2289117,"$850,160",194238,$0,$0
060726,,Citrus Heights,CA,646202,$0,0,$0,$0
060756,,Clovis City,CA,741062,$0,0,$0,$0
060804,,Compton,CA,1561004,"$538,817",0,$0,$0
060810,,Concord,CA,1028870,$0,0,$0,$0
060828,,Corona,CA,1197231,"$446,458",0,$0,$0
060846,,Costa Mesa,CA,1041150,"$454,223",0,$0,$0
060906,,Cupertino City,CA,369264,$0,0,$0,$0
060930,,Daly City,CA,1018573,"$355,373",0,$0,$0
060942,,Davis,CA,696578,"$386,900",0,$0,$0
060960,,Delano City,CA,633272,$0,0,$0,$0
061032,,Downey,CA,1064459,"$440,137",0,$0,$0
061116,,El Cajon,CA,1327381,"$579,460",0,$0,$0
061122,,El Centro,CA,532718,$0,0,$0,$0
061146,,Elk Grove,CA,920953,$0,0,$0,$0
061152,,El Monte,CA,1717255,"$649,927",146757,$0,$0
061212,,Encinitas,CA,332501,$0,0,$0,$0
061230,,Escondido,CA,1824482,"$596,821",152010,$0,$0
061266,,Fairfield,CA,830469,$0,0,$0,$0
061332,,Fontana,CA,2044834,"$658,460",177282,$0,$0
061380,,Fountain Valley,CA,328762,$0,0,$0,$0
061404,,Fremont,CA,1521842,$0,0,$0,$0
061410,,Fresno,CA,6942458,"$3,037,353",585863,"$564,747",$0
061416,,Fullerton,CA,1385159,"$522,322",0,$0,$0
061428,,Gardena,CA,610235,$0,0,$0,$0
061440,,Garden Grove,CA,1988459,"$759,096",177733,$0,$0
061452,,Gilroy City,CA,476592,$0,0,$0,$0
061464,,Glendale,CA,1879314,"$1,213,272",157192,$0,$0
061470,,Glendora City,CA,290016,$0,0,$0,$0
061476,,Goleta,CA,222728,$0,0,$0,$0
061566,,Hanford,CA,571462,$0,0,$0,$0
061596,,Hawthorne,CA,1344333,"$562,317",0,$0,$0
061602,,Hayward,CA,1502138,$0,0,$0,$0
061614,,Hemet,CA,893548,$0,0,$0,$0
061638,,Hesperia,CA,1033470,$0,0,$0,$0
061692,,Huntington Beach,CA,1147593,"$563,796",0,$0,$0
061698,,Huntington Park,CA,1230354,"$607,124",0,$0,$0
061728,,Indio City,CA,865050,$0,0,$0,$0
061740,,Inglewood,CA,1434029,"$916,825",0,$0,$0
061750,,Irvine,CA,1841822,"$759,667",144115,$0,$0
061783,,Jurupa Valley,CA,1203797,$0,0,$0,$0
061854,,Laguna Niguel,CA,303134,$0,0,$0,$0
061860,,La Habra,CA,681180,$0,0,$0,$0
061869,,Lake Forest,CA,488301,$0,0,$0,$0
061890,,Lakewood,CA,510688,$0,0,$0,$0
061896,,La Mesa,CA,413091,$0,0,$0,$0
061914,,Lancaster,CA,1478391,$0,0,$0,$0
062034,,Livermore,CA,440642,$0,0,$0,$0
062046,,Lodi,CA,624641,$0,0,$0,$0
062064,,Lompoc,CA,475399,$0,0,$0,$0
062088,,Long Beach,CA,6095423,"$2,744,653",517562,$0,$0
062118,,Los Angeles,CA,53358857,"$26,297,468",4552484,"$18,729,211",$0
062148,,Lynwood,CA,1195581,"$483,156",0,$0,$0
062166,,Madera,CA,828253,$0,0,$0,$0
062240,,Menifee,CA,543660,$0,0,$0,$0
062250,,Merced,CA,1099563,"$499,892",0,$0,$0
062274,,Milpitas City,CA,608734,$0,0,$0,$0
062286,,Mission Viejo,CA,360469,$0,0,$0,$0
062292,,Modesto,CA,1872692,"$871,210",170023,$0,$0
062328,,Montebello,CA,677645,"$269,841",0,$0,$0
062334,,Monterey,CA,234434,$0,0,$0,$0
062340,,Monterey Park,CA,671312,"$348,459",0,$0,$0
062367,,Moreno Valley,CA,2082025,"$672,166",178214,$0,$0
062382,,Mountain View,CA,564388,"$263,732",0,$0,$0
062406,,Napa City,CA,589203,$0,0,$0,$0
062412,,National City,CA,792620,"$327,586",0,$0,$0
062454,,Newport Beach,CA,367434,$0,0,$0,$0
062490,,Norwalk,CA,1235346,"$319,185",0,$0,$0
062508,,Oakland,CA,7511473,"$2,855,379",643541,"$2,954,193",$0
062532,,Oceanside,CA,1367069,"$587,869",0,$0,$0
062556,,Ontario,CA,1824218,"$659,631",156918,$0,$0
062568,,Orange,CA,1206488,"$430,891",0,$0,$0
062622,,Oxnard,CA,2516091,"$726,527",212361,$0,$0
062658,,Palmdale,CA,1608313,"$554,832",0,$0,$0
062670,,Palm Desert,CA,400419,$0,0,$0,$0
062676,,Palm Springs,CA,431579,$0,0,$0,$0
062682,,Palo Alto,CA,499868,$0,0,$0,$0
062700,,Paradise,CA,164394,$0,0,$0,$0
062706,,Paramount City,CA,802549,"$303,294",0,$0,$0
062724,,Pasadena,CA,2007538,"$764,874",168431,$0,$0
062754,,Perris City,CA,908522,$0,0,$0,$0
062760,,Petaluma,CA,329913,$0,0,$0,$0
062766,,Pico Rivera,CA,643092,$0,0,$0,$0
062790,,Pittsburg,CA,608613,$0,0,$0,$0
062826,,Pleasanton City,CA,317784,$0,0,$0,$0
062850,,Pomona,CA,2076396,"$778,285",183894,$0,$0
062862,,Porterville,CA,798922,$0,0,$0,$0
062928,,Rancho Cordova City,CA,616119,$0,0,$0,$0
062930,,Rancho Cucamonga,CA,993159,$0,0,$0,$0
062949,,Rancho Santa Margarita,CA,214068,$0,0,$0,$0
062958,,Redding,CA,704159,"$396,676",0,$0,$0
062970,,Redondo Beach,CA,274752,$0,0,$0,$0
062976,,Redwood City,CA,718936,"$312,535",0,$0,$0
062988,,Rialto,CA,1196679,$0,0,$0,$0
063048,,Riverside,CA,3197021,"$1,134,945",278459,"$2,922,984",$0
063054,,Rocklin City,CA,282687,$0,0,$0,$0
063102,,Rosemead,CA,746663,"$351,721",0,$0,$0
063108,,Roseville,CA,651910,$0,0,$0,$0
063144,,Sacramento,CA,4798618,"$2,442,993",412742,"$1,330,405",$0
063162,,Salinas,CA,2037160,"$763,800",177658,$0,$0
063180,,San Bernardino,CA,3366410,"$1,279,762",286534,$0,$0
063198,,San Clemente,CA,346463,$0,0,$0,$0
063210,,San Diego,CA,11876002,"$5,312,011",1005803,"$4,164,570",$0
063228,,San Francisco,CA,18157109,"$5,284,703",1539152,"$7,130,734",$0
063258,,San Jose,CA,8856601,"$3,239,144",757502,"$1,278,773",$0
063276,,San Leandro,CA,707517,$0,0,$0,$0
063294,,San Marcos City,CA,731986,$0,0,$0,$0
063312,,San Mateo,CA,734142,$0,0,$0,$0
063342,,Santa Ana,CA,5701154,"$1,704,254",493582,$0,$0
063348,,Santa Barbara,CA,902715,"$498,104",0,$0,$0
063354,,Santa Clara,CA,987798,"$395,531",0,$0,$0
063356,,Santa Clarita,CA,1256382,$0,0,$0,$0
063360,,Santa Cruz,CA,563758,"$360,070",0,$0,$0
063372,,Santa Maria,CA,1588777,$0,0,$0,$0
063384,,Santa Monica,CA,1158870,"$562,853",0,$0,$0
063396,,Santa Rosa,CA,1427595,"$675,091",0,"$437,814",$0
063408,,Santee,CA,261744,$0,0,$0,$0
063444,,Seaside,CA,348132,$0,0,$0,$0
063480,,Simi Valley,CA,608370,$0,0,$0,$0
063528,,South Gate,CA,1463262,"$602,315",0,$0,$0
063564,,South San Francisco,CA,466637,$0,0,$0,$0
063624,,Stockton,CA,3329801,"$1,612,015",292889,$0,$0
063660,,Sunnyvale,CA,1127120,"$400,650",0,$0,$0
063712,,Temecula,CA,558441,$0,0,$0,$0
063732,,Thousand Oaks,CA,593053,$0,0,$0,$0
063768,,Tulare,CA,649801,$0,0,$0,$0
063798,06C801,Turlock,CA,653869,"$1,266,981",0,$0,$0
063804,,Tustin,CA,852585,$0,0,$0,$0
063846,,Union City,CA,527713,$0,0,$0,$0
063852,,Upland,CA,638558,$0,0,$0,$0
063858,,Vacaville,CA,499146,$0,0,$0,$0
063876,,Vallejo,CA,1005279,"$576,379",0,$0,$0
063888,,San Buenaventura,CA,739974,"$371,031",0,$0,$0
063900,,Victorville,CA,1343801,$0,0,$0,$0
063918,,Visalia,CA,1323669,"$529,332",0,$0,$0
063924,,Vista,CA,1001736,$0,0,$0,$0
063942,,Walnut Creek,CA,300264,$0,0,$0,$0
063966,,Watsonville,CA,752726,$0,0,$0,$0
064002,,West Covina,CA,811815,$0,0,$0,$0
064014,,Westminster,CA,997216,"$383,340",0,$0,$0
064050,,West Sacramento,CA,429547,$0,0,$0,$0
064074,,Whittier,CA,752486,"$303,865",0,$0,$0
064134,,Woodland,CA,498513,$0,0,$0,$0
064176,,Yuba City,CA,647714,$0,0,$0,$0
069001,06C037,Alameda County,CA,2054209,"$3,003,128",169893,$0,$0
069013,06C210,Contra Costa County,CA,4588037,"$3,171,988",394663,$0,$0
069019,,Fresno County,CA,2795188,"$1,032,536",239466,$0,$0
069029,,Kern County,CA,4773453,"$1,823,221",409344,$0,$0
069037,,Los Angeles County,CA,22969231,"$8,489,933",1887127,$0,$0
069041,,Marin County,CA,1505533,"$742,490",0,$0,$0
069053,,Monterey County,CA,1391792,$0,0,$0,$0
069059,,Orange County,CA,3182873,"$955,126",220824,$0,$0
069065,,Riverside County,CA,7832875,"$2,321,692",613342,$0,$0
069067,06C901,Sacramento County,CA,5767322,"$2,992,126",484844,$0,$0
069071,06C116,San Bernardino County,CA,7235207,"$3,185,634",610885,$0,$0
069073,06C209,San Diego County,CA,4150987,"$3,060,621",351652,$0,$0
069077,,San Joaquin County,CA,2701540,"$1,091,262",227808,$0,$0
069079,,San Luis Obispo County,CA,1858251,"$920,772",162321,$0,$0
069081,06C035,San Mateo County,CA,2638782,"$1,439,625",221176,$0,$0
069083,06C308,Santa Barbara County,CA,1206226,"$1,166,260",0,$0,$0
069085,06C999,Santa Clara County,CA,1521699,"$952,209",0,$0,$0
069097,,Sonoma County,CA,1861440,"$806,709",157759,$0,$0
069099,,Stanislaus County,CA,2306059,$0,202842,$0,$0
069111,,Ventura County,CA,1600902,"$593,232",147562,$0,$0
069999,,California Nonentitlement,CA,32072052,"$43,403,118",12222551,"$3,732,882","$32,376,691"
080054,,Arvada,CO,460739,$0,0,$0,$0
080072,,Aurora,CO,2852955,"$1,133,568",246431,$0,$0
080144,08C977,Boulder,CO,794190,"$1,103,782",0,$0,$0
080180,,Broomfield City/County,CO,275101,$0,0,$0,$0
080288,,Colorado Springs,CO,2927878,"$1,396,467",254334,$0,$0
080300,,Commerce City,CO,428484,$0,0,$0,$0
080390,,Denver,CO,6796880,"$2,935,765",582032,"$2,278,782",$0
080552,,Fort Collins,CO,1078629,"$719,116",0,$0,$0
080672,,Grand Junction,CO,461255,$0,0,$0,$0
080690,,Greeley,CO,824255,"$390,658",0,$0,$0
080906,,Lakewood,CO,893889,$0,0,$0,$0
080978,,Longmont,CO,622953,$0,0,$0,$0
080990,,Loveland,CO,389247,$0,0,$0,$0
081278,08C016,Pueblo,CO,1434344,"$749,275",0,$0,$0
081524,,Thornton,CO,740720,$0,0,$0,$0
081614,,Westminster,CO,604141,$0,0,$0,$0
089001,08C050,Adams County,CO,1364927,"$949,905",0,$0,$0
089005,08C229,Arapahoe County,CO,1503155,"$674,419",0,$0,$0
089041,,El Paso County,CO,1003423,$0,0,$0,$0
089059,08C151,Jefferson County,CO,1036293,"$920,361",0,$0,$0
089999,,Colorado Nonentitlement,CO,10383153,"$6,047,657",2039357,"$641,526","$3,362,850"
090102,,Bridgeport,CT,3237448,"$1,117,204",272282,"$954,233",$0
090114,,Bristol,CT,648928,$0,0,$0,$0
090258,,Danbury,CT,605857,$0,0,$0,$0
090336,,East Hartford,CT,564561,$0,0,$0,$0
090390,,Fairfield,CT,494420,$0,0,$0,$0
090438,,Greenwich,CT,818682,$0,0,$0,$0
090480,,Hamden Town,CT,480319,$0,0,$0,$0
090492,,Hartford,CT,3517190,"$1,311,500",284387,"$1,164,315",$0
090594,,Manchester,CT,562699,$0,0,$0,$0
090612,,Meriden,CT,1056363,$0,0,$0,$0
090630,,Middletown,CT,452367,$0,0,$0,$0
090636,,Milford Town,CT,514608,$0,0,$0,$0
090696,,New Britain,CT,1611445,"$547,902",0,$0,$0
090726,,New Haven,CT,3755586,"$1,241,535",319188,"$1,092,032",$0
090738,,New London,CT,839103,$0,0,$0,$0
090810,,Norwalk,CT,845023,$0,0,$0,$0
090816,,Norwich,CT,828043,$0,0,$0,$0
091074,,Stamford,CT,903194,"$392,561",0,$0,$0
091104,,Stratford,CT,609220,$0,0,$0,$0
091194,,Waterbury,CT,2126160,"$827,794",182111,$0,$0
091230,,West Hartford,CT,975644,$0,0,$0,$0
091236,,West Haven,CT,735903,$0,0,$0,$0
099999,,Connecticut Nonentitlement,CT,13380326,"$9,039,736",2269089,"$263,259","$3,045,567"
100090,,Dover,DE,282307,$0,0,$0,$0
100336,,Wilmington,DE,2137652,"$510,394",185233,"$789,218",$0
109003,,New Castle County,DE,2278499,"$893,090",196701,$0,$0
109999,,Delaware Nonentitlement,DE,2380912,"$3,005,732",214062,"$300,043","$3,000,000"
119999,110006,District Of Columbia,DC,15189166,"$5,244,369",1291705,"$11,171,652","$3,000,000"
120234,,Boca Raton,FL,455301,$0,0,$0,$0
120264,,Boynton Beach,FL,529565,$0,0,$0,$0
120270,,Bradenton,FL,419456,$0,0,$0,$0
120402,,Cape Coral,FL,1009644,$0,0,"$607,551",$0
120492,,Clearwater,FL,764043,"$383,978",0,$0,$0
120516,,Cocoa,FL,177490,$0,0,$0,$0
120534,,Coconut Creek,FL,315003,$0,0,$0,$0
120588,,Coral Springs,FL,761605,$0,0,$0,$0
120684,,Davie,FL,651998,$0,0,$0,$0
120690,,Daytona Beach,FL,615306,"$351,763",0,$0,$0
120708,,Deerfield Beach,FL,659318,$0,0,$0,$0
120732,,Delray Beach,FL,518054,$0,0,$0,$0
120738,,Deltona,FL,583241,$0,0,"$553,042",$0
120954,,Ft Lauderdale,FL,1554051,"$630,675",0,"$7,177,985",$0
120966,,Ft Myers,FL,625804,$0,0,$0,$0
120996,,Fort Pierce,FL,559327,$0,0,$0,$0
121008,,Fort Walton Beach,FL,151789,$0,0,$0,$0
121038,,Gainesville,FL,1319592,"$530,141",0,$0,$0
121236,,Hialeah,FL,2737733,"$1,333,630",229907,$0,$0
121320,,Hollywood,FL,1235172,"$497,764",0,$0,$0
121344,,Homestead City,FL,807257,$0,0,$0,$0
121512,,Jupiter,FL,303397,$0,0,$0,$0
121572,,Kissimmee,FL,661559,$0,0,$0,$0
121662,,Lakeland,FL,935111,"$362,966",0,"$676,595",$0
121710,,Largo,FL,537167,$0,0,$0,$0
121728,,Lauderhill,FL,719672,$0,0,$0,$0
121874,,Marco Island,FL,82285,$0,0,$0,$0
121878,,Margate,FL,346880,$0,0,$0,$0
121926,,Melbourne,FL,543436,$0,0,$0,$0
121968,,Miami,FL,5389694,"$3,297,681",446241,"$11,628,915",$0
121974,,Miami Beach,FL,916981,"$587,853",0,$0,$0
121976,,Miami Gardens City,FL,1097670,$0,0,$0,$0
122022,,Miramar,FL,860071,$0,0,$0,$0
122142,,North Miami,FL,757246,"$269,234",0,$0,$0
122214,,Ocala,FL,447430,$0,0,$0,$0
122292,,Orlando,FL,2212331,"$1,192,278",180125,"$4,059,257",$0
122358,,Palm Bay,FL,805882,$0,0,"$443,527",$0
122370,,Palm Beach Gardens,FL,228608,$0,0,$0,$0
122374,,Palm Coast,FL,487895,$0,0,$0,$0
122406,,Panama City,FL,353462,$0,0,$0,$0
122448,,Pembroke Pines,FL,880700,$0,0,$0,$0
122466,,Pensacola,FL,750779,$0,0,$0,$0
122502,,Pinellas Park,FL,379059,$0,0,$0,$0
122514,,Plantation,FL,510988,$0,0,$0,$0
122538,,Pompano Beach,FL,1007279,"$402,495",0,$0,$0
122568,,Port Orange,FL,347231,$0,0,$0,$0
122586,,Port St Lucie,FL,1118415,$0,0,"$683,109",$0
122700,,St. Cloud City,FL,319076,$0,0,$0,$0
122724,,St Petersburg,FL,1780777,"$839,730",150543,$0,$0
122754,,Sanford,FL,478255,$0,0,$0,$0
122766,12C021,Sarasota,FL,418787,"$827,141",0,"$608,118",$0
122808,,Sebastian city,FL,123674,$0,0,$0,$0
122958,,Sunrise,FL,670780,$0,0,$0,$0
123000,,Tallahassee,FL,1852209,"$876,318",160192,$0,$0
123006,,Tamarac,FL,399552,$0,0,$0,$0
123012,,Tampa,FL,3179489,"$1,559,724",268087,"$3,985,513",$0
123048,,Titusville,FL,303471,$0,0,$0,$0
123213,,Wellington,FL,249868,$0,0,$0,$0
123249,,Weston City,FL,352944,$0,0,$0,$0
123252,,West Palm Beach,FL,943823,"$434,602",0,"$3,243,252",$0
129009,12C020,Brevard County,FL,1364124,"$1,185,557",0,$0,$0
129011,12C140,Broward County,FL,2721594,"$3,467,009",231550,$0,$0
129021,,Collier County,FL,2500693,"$633,746",200352,$0,$0
129031,,Jacksonville-Duval Count,FL,6289951,"$2,948,009",536560,"$2,634,349",$0
129033,12C114,Escambia County,FL,1434463,"$1,094,533",0,$0,$0
129057,,Hillsborough County,FL,7028761,"$2,542,816",590805,$0,$0
129069,,Lake County,FL,1299149,$0,0,$0,$0
129071,,Lee County,FL,3047518,"$938,598",255297,$0,$0
129081,,Manatee County,FL,1873924,"$623,566",160459,$0,$0
129083,12C228,Marion County,FL,1923601,"$814,313",159401,$0,$0
129086,,Miami-Dade County,FL,10886156.61,"$4,524,114",1082542,$0,$0
129095,,Orange County,FL,6680788,"$2,565,007",552240,$0,$0
129097,12C996,Osceola County,FL,1588255,"$893,973",153121,$0,$0
129099,,Palm Beach County,FL,6406686,"$2,145,072",546649,$0,$0
129101,12C985,Pasco County,FL,2754349,"$1,051,076",246524,$0,$0
129103,12C018,Pinellas County,FL,2439396,"$1,267,227",206284,$0,$0
129105,,Polk County,FL,3543000,"$1,204,215",296662,$0,$0
129109,,St. Johns County,FL,930264,$0,0,$0,$0
129115,,Sarasota County,FL,1678399,$0,140484,$0,$0
129117,,Seminole County,FL,1953684,"$699,228",161772,$0,$0
129127,,Volusia County,FL,1836537,"$736,327",157517,$0,$0
129999,,Florida Nonentitlement,FL,27511368,"$17,881,000",5500348,"$4,176,829","$9,414,324"
12C972,12C972,CNSRT-St. Lucie County,FL,0,"$950,224",0,$0,$0
130054,,Albany,GA,852306,"$456,215",0,$0,$0
130168,,Athens-Clarke County,GA,1360408,"$555,660",0,$0,$0
130174,,Atlanta,GA,7139553,"$1,967,828",609670,"$23,000,301",$0
130192,,Augusta-Richmond County,GA,1780877,"$911,628",150447,"$1,055,049",$0
130444,,Brunswick,GA,363427,$0,0,$0,$0
130750,,Columbus,GA,1574126,"$889,638",0,$0,$0
130882,,Dalton,GA,410181,$0,0,$0,$0
131314,,Gainesville,GA,498567,$0,0,$0,$0
131566,,Hinesville,GA,215576,$0,0,$0,$0
131968,,Macon,GA,1866847,"$789,569",155727,$0,$0
131998,,Marietta,GA,506879,$0,0,$0,$0
132814,,Rome,GA,425407,$0,0,$0,$0
132832,,Roswell,GA,473702,$0,0,$0,$0
132890,,Sandy Springs City,GA,627731,$0,0,$0,$0
132916,,Savannah,GA,2287739,"$841,623",192273,$0,$0
133354,,Valdosta,GA,668771,$0,0,$0,$0
133432,,Warner Robins,GA,661428,$0,0,$0,$0
139057,,Cherokee County,GA,1254884,$0,0,$0,$0
139063,,Clayton County,GA,2577403,"$1,018,765",223370,$0,$0
139067,13C807,Cobb County,GA,3590465,"$1,439,077",286255,$0,$0
139089,,De Kalb County,GA,5260167,"$2,156,360",445432,$0,$0
139121,,Fulton County,GA,1896494,"$793,500",162596,$0,$0
139135,,Gwinnett County,GA,5343454,"$1,950,049",482817,$0,$0
139151,,Henry County,GA,1167297,$0,0,$0,$0
139999,,Georgia Nonentitlement,GA,41142882,"$21,049,794",4433278,"$3,434,493","$5,277,949"
150001,,Hawaii County,HI,2646713,$0,0,$0,$0
150002,,Kauai County,HI,695071,$0,0,$0,$0
150003,,Maui County,HI,1830988,$0,0,$0,$0
150144,,Honolulu,HI,8018590,"$2,835,738",681808,"$635,213",$0
159999,,Hawaii Nonentitlement,HI,0,"$3,005,732",449445,"$266,237","$3,000,000"
160102,,Boise,ID,1367330,"$720,129",0,$0,$0
160138,,Caldwell City,ID,481039,$0,0,$0,$0
160198,,Coeur D'Alene,ID,329815,$0,0,$0,$0
160510,,Idaho Falls,ID,399774,$0,0,$0,$0
160618,,Lewiston,ID,237429,$0,0,$0,$0
160684,,Meridian,ID,424162,$0,0,$0,$0
160762,,Nampa,ID,796464,$0,0,$0,$0
160906,,Pocatello,ID,441414,$0,0,$0,$0
169999,,Idaho Nonentitlement,ID,8156250,"$4,915,137",1074750,$0,"$3,000,000"
170222,,Arlington Heights,IL,269344,$0,0,$0,$0
170342,,Aurora,IL,1550613,"$688,020",0,$0,$0
170606,,Berwyn,IL,1279184,$0,0,$0,$0
170660,,Bloomington,IL,542951,$0,0,$0,$0
171218,,Champaign,IL,855190,$0,0,$0,$0
171296,,Chicago,IL,78262773,"$18,935,452",6695179,"$10,038,656",$0
171332,,Cicero,IL,1718626,$0,144779,$0,$0
171692,,Danville,IL,971322,$0,0,$0,$0
171716,,Decatur,IL,1411581,"$425,163",0,$0,$0
171746,,Dekalb,IL,439129,$0,0,$0,$0
171776,,Des Plaines,IL,302509,$0,0,$0,$0
172094,,Elgin,IL,865607,$0,0,$0,$0
172238,,Evanston,IL,1803432,"$355,216",151731,$0,$0
173228,,Hoffman Estates,IL,245931,$0,0,$0,$0
173480,,Joliet,IL,932157,$0,0,$0,$0
173540,,Kankakee,IL,563741,$0,0,$0,$0
174596,,Moline,IL,772647,$0,0,$0,$0
174734,,Mount Prospect,IL,252222,$0,0,$0,$0
174806,,Naperville,IL,541270,$0,0,$0,$0
175010,,Normal,IL,397148,$0,0,$0,$0
175148,,Oak Lawn,IL,314485,$0,0,$0,$0
175154,,Oak Park,IL,1633190,$0,143061,$0,$0
175364,,Palatine Village,IL,476996,$0,0,$0,$0
175520,,Pekin,IL,410008,$0,0,$0,$0
175526,,Peoria,IL,1766783,"$655,929",145529,$0,$0
175808,,Rantoul,IL,337165,$0,0,$0,$0
176000,,Rockford,IL,2101348,"$895,627",180781,$0,$0
176006,,Rock Island,IL,1051868,$0,0,$0,$0
176300,,Schaumburg Village,IL,342147,$0,0,$0,$0
176498,,Skokie,IL,609798,$0,0,$0,$0
176648,,Springfield,IL,1263055,"$560,294",0,$0,$0
177122,17C305,Urbana,IL,442063,"$735,645",0,$0,$0
177404,,Waukegan,IL,854967,$0,0,$0,$0
179031,17C104,Cook County,IL,10630363,"$6,261,226",869683,$0,$0
179043,17C105,Du Page County,IL,3814372,"$1,662,767",300407,$0,$0
179089,17C236,Kane County,IL,1321505,"$845,914",0,$0,$0
179097,17C010,Lake County,IL,2809317,"$1,509,922",224137,$0,$0
179111,,Mchenry County,IL,1423178,"$563,775",0,$0,$0
179119,17C986,Madison County,IL,2881174,"$852,920",0,$0,$0
179163,17C206,St Clair County,IL,3543252,"$1,038,559",0,$0,$0
179197,17C011,Will County,IL,2083381,"$1,187,295",142340,$0,$0
179999,,Illinois Nonentitlement,IL,29192836,"$15,391,165",4935064,"$1,734,635","$8,575,518"
180084,,Anderson,IN,873479,"$307,887",0,$0,$0
180246,,Bloomington,IN,845710,"$500,152",0,$0,$0
180624,,Columbus,IN,282082,$0,0,$0,$0
180846,,East Chicago,IN,1300482,"$281,499",0,$0,$0
180912,,Elkhart,IN,749336,$0,0,$0,$0
180954,,Evansville,IN,2608688,"$689,459",222806,$0,$0
181014,,Fort Wayne,IN,1976785,"$1,000,397",166178,$0,$0
181104,,Gary,IN,3291062,"$532,546",279012,$0,$0
181158,,Goshen,IN,254886,$0,0,$0,$0
181230,,Greenwood,IN,330444,$0,0,$0,$0
181272,,Hammond,IN,2097067,"$441,958",181223,$0,$0
181404,,Indianapolis,IN,9217392,"$3,959,937",780096,"$1,416,548",$0
181536,,Kokomo,IN,810216,$0,0,$0,$0
181566,18C207,Lafayette,IN,653804,"$777,073",0,$0,$0
181602,,La Porte,IN,455630,$0,0,$0,$0
181884,,Michigan City,IN,660257,$0,0,$0,$0
181950,,Mishawaka,IN,465290,$0,0,$0,$0
182100,,Muncie,IN,1239435,"$478,866",0,$0,$0
182130,,New Albany,IN,671354,$0,0,$0,$0
182886,18C017,South Bend,IN,2507599,"$920,497",218253,$0,$0
183042,,Terre Haute,IN,1530486,"$398,179",0,$0,$0
183282,,West Lafayette,IN,426300,$0,0,$0,$0
189057,,Hamilton County,IN,1032481,$0,0,$0,$0
189089,,Lake County,IN,1541956,"$594,929",0,$0,$0
189999,,Indiana Nonentitlement,IN,30644288,"$13,270,759",3767263,"$1,412,803","$3,625,159"
190138,,Ames,IA,581207,"$481,968",0,$0,$0
190798,,Cedar Falls,IA,253085,$0,0,$0,$0
190804,,Cedar Rapids,IA,1060439,"$329,859",0,$0,$0
191134,,Council Bluffs,IA,967313,$0,0,$0,$0
191254,,Davenport,IA,1482327,"$432,858",0,$0,$0
191362,,Des Moines,IA,3657970,"$958,732",313288,$0,$0
191464,,Dubuque,IA,1080989,$0,0,$0,$0
192466,,Iowa City,IA,658740,"$482,816",0,$0,$0
194812,19C2M8,Sioux City,IA,1661162,"$428,541",140869,$0,$0
195394,19C701,Waterloo,IA,1236955,"$427,619",0,$0,$0
195508,,West Des Moines,IA,307130,$0,0,$0,$0
199999,,Iowa Nonentitlement,IA,23967198,"$7,088,101",2655662,"$634,838","$3,000,000"
201776,,Kansas City,KS,2257084,"$813,505",189822,$0,$0
201902,,Lawrence,KS,721890,"$401,987",0,$0,$0
201908,,Leavenworth,KS,319799,$0,0,$0,$0
201944,,Lenexa,KS,218711,$0,0,$0,$0
202190,,Manhattan City,KS,556213,$0,0,$0,$0
202688,,Overland Park,KS,730536,$0,0,$0,$0
203216,,Shawnee,KS,279377,$0,0,$0,$0
203408,,Topeka,KS,1846476,"$552,627",155147,$0,$0
203696,,Wichita,KS,2806594,"$1,387,325",238128,$0,$0
209091,20C307,Johnson County,KS,1042549,"$911,828",0,$0,$0
209999,,Kansas Nonentitlement,KS,14885822,"$5,802,824",1607182,"$572,576","$3,000,000"
210048,,Ashland,KY,561481,$0,0,$0,$0
210210,,Bowling Green,KY,661274,$0,0,$0,$0
210534,21C980,Covington,KY,1460136,"$521,288",0,$0,$0
210696,,Elizabethtown,KY,191475,$0,0,$0,$0
211032,,Henderson,KY,248554,$0,0,$0,$0
211086,,Hopkinsville,KY,262596,$0,0,$0,$0
211314,,Lexington-Fayette,KY,2346550,"$1,228,568",195464,$0,$0
211374,,Louisville,KY,11190723,"$2,932,633",950821,"$856,081",$0
211680,,Owensboro,KY,494814,"$255,616",0,$0,$0
219999,,Kentucky Nonentitlement,KY,25412718,"$12,618,284",2454966,"$791,609","$3,000,000"
220030,,Alexandria,LA,422519,"$213,841",0,$0,$0
220126,,Baton Rouge,LA,3154737,"$1,303,449",266896,"$2,565,701",$0
220192,,Bossier City,LA,496775,$0,0,$0,$0
220828,,Houma-Terrebonne,LA,961846,"$279,367",0,$0,$0
220924,,Kenner,LA,452071,$0,0,$0,$0
220954,,Lafayette,LA,1399746,"$568,848",0,$0,$0
220978,,Lake Charles,LA,651664,"$330,289",0,$0,$0
221206,,Monroe,LA,708785,"$297,074",0,$0,$0
221296,,New Orleans,LA,10809316,"$2,480,930",1055099,"$3,874,449",$0
221650,,Shreveport,LA,1863005,"$882,109",153468,$0,$0
221698,,Slidell,LA,180733,$0,0,$0,$0
221794,,Thibodaux,LA,153124,$0,0,$0,$0
229051,22C122,Jefferson Parish,LA,2495382,"$1,437,886",218834,$0,$0
229103,,St. Tammany Parish,LA,1133222,$0,0,$0,$0
229999,,Louisiana Nonentitlement,LA,21844814,"$9,346,837",2387677,"$1,969,254","$3,000,000"
230120,23C052,Auburn,ME,544099,"$442,773",0,$0,$0
230162,,Bangor,ME,837680,$0,0,$0,$0
230252,,Biddeford,ME,467761,$0,0,$0,$0
231602,,Lewiston,ME,887262,$0,0,$0,$0
232484,23C982,Portland,ME,1893566,"$1,020,693",160873,$0,$0
239005,,Cumberland County,ME,1523331,$0,0,$0,$0
239999,,Maine Nonentitlement,ME,11566645,"$4,060,519",1352454,$0,"$3,000,000"
240036,,Annapolis,MD,284361,$0,0,$0,$0
240066,,Baltimore,MD,21689474,"$4,126,247",1817160,"$8,380,304",$0
240156,,Bowie City,MD,188505,$0,0,$0,$0
240378,,Cumberland,MD,789841,$0,0,$0,$0
240552,,Frederick,MD,430109,$0,0,"$1,518,159",$0
240582,,Gaithersburg,MD,404050,$0,0,$0,$0
240660,,Hagerstown,MD,771221,$0,0,$0,$0
241278,,Salisbury,MD,349401,$0,0,$0,$0
249003,,Anne Arundel County,MD,2017439,"$707,906",166664,$0,$0
249005,,Baltimore County,MD,4062385,"$1,897,133",344505,$0,$0
249025,,Harford County,MD,1058617,"$438,800",0,$0,$0
249027,,Howard County,MD,1246937,"$422,239",0,$0,$0
249031,,Montgomery County,MD,4748629,"$1,819,042",393484,$0,$0
249033,,Prince Georges County,MD,5029514,"$1,443,440",423194,$0,$0
249999,,Maryland Nonentitlement,MD,7780502,"$5,762,762",1121541,"$517,529","$3,391,627"
250078,,Arlington,MA,1099358,$0,0,$0,$0
250126,,Attleboro,MA,422469,$0,0,$0,$0
250168,,Barnstable,MA,278102,$0,0,$0,$0
250282,,Boston,MA,17146361,"$5,336,980",1461960,"$2,894,494",$0
250354,,Brockton,MA,1403876,"$504,903",0,$0,$0
250372,,Brookline,MA,1371270,$0,0,$0,$0
250396,,Cambridge,MA,2600557,"$580,625",226672,$0,$0
250486,,Chicopee,MA,1147243,$0,0,$0,$0
250744,,Fall River,MA,2858266,"$972,051",244889,$0,$0
250774,25C101,Fitchburg,MA,974302,"$480,057",0,$0,$0
250804,,Framingham,MA,536287,$0,0,$0,$0
250858,,Gloucester,MA,662525,$0,0,$0,$0
251020,,Haverhill,MA,985154,$0,0,$0,$0
251074,25C002,Holyoke,MA,1230342,"$804,038",0,$0,$0
251194,,Lawrence,MA,1737175,"$825,550",147883,$0,$0
251236,,Leominster,MA,452903,$0,0,$0,$0
251284,,Lowell,MA,2088760,"$801,218",175066,"$1,600,338",$0
251302,,Lynn,MA,2478890,"$810,804",211680,$0,$0
251314,25C004,Malden,MA,1349916,"$1,887,035",0,$0,$0
251410,,Medford,MA,1543114,$0,0,$0,$0
251614,,New Bedford,MA,2658238,"$845,944",223212,$0,$0
251650,25C003,Newton,MA,1908942,"$1,431,246",162765,$0,$0
251674,,Northampton,MA,670267,$0,0,$0,$0
251884,25C102,Peabody City,MA,431063,"$1,704,958",0,$0,$0
251938,,Pittsfield,MA,1300886,$0,0,$0,$0
251962,,Plymouth Town,MA,356166,$0,0,$0,$0
251992,25C005,Quincy,MA,1818205,"$800,237",152608,$0,$0
252028,,Revere City,MA,784221,$0,0,$0,$0
252118,,Salem,MA,1065891,$0,0,$0,$0
252250,,Somerville,MA,2478050,"$424,368",209799,$0,$0
252340,,Springfield,MA,3829602,"$1,512,653",323252,"$661,323",$0
252418,25C227,Taunton,MA,820272,"$649,028",0,$0,$0
252544,,Waltham,MA,971492,$0,0,$0,$0
252700,,Westfield,MA,360885,$0,0,$0,$0
252784,,Weymouth,MA,683864,$0,0,$0,$0
252880,,Worcester,MA,4382360,"$1,465,353",370659,"$635,000",$0
252904,,Yarmouth,MA,136257,$0,0,$0,$0
259999,,Massachusetts Nonentitlement,MA,33324856,"$9,289,582",4602834,"$310,596","$5,152,337"
25C201,25C201,CNSRT-Barnstable County,MA,0,"$427,233",0,$0,$0
260432,,Battle Creek,MI,1188872,"$254,827",0,$0,$0
260444,,Bay City,MI,1202639,"$186,048",0,$0,$0
260570,,Benton Harbor,MI,421406,$0,0,$0,$0
261074,,Canton Twp,MI,336372,$0,0,$0,$0
261410,,Clinton Twp,MI,589781,$0,0,$0,$0
261638,,Dearborn,MI,1905320,$0,162768,$0,$0
261644,,Dearborn Heights,MI,1019751,$0,0,$0,$0
261698,,Detroit,MI,34516333,"$6,737,568",2917168,"$2,825,867",$0
261848,,East Lansing,MI,488344,$0,0,$0,$0
262096,,Farmington Hills,MI,357296,$0,0,$0,$0
262172,,Flint,MI,3889542,"$840,005",328616,$0,$0
262544,,Grand Rapids,MI,3698611,"$1,268,288",318924,$0,$0
262940,,Holland,MI,330994,$0,0,$0,$0
263174,,Jackson,MI,1227866,"$301,299",0,$0,$0
263222,,Kalamazoo,MI,1615035,"$492,146",0,$0,$0
263456,,Lansing,MI,2008152,"$707,152",170259,$0,$0
263588,,Lincoln Park,MI,787520,$0,0,$0,$0
263648,,Livonia,MI,332130,$0,0,$0,$0
264086,,Midland,MI,255358,$0,0,$0,$0
264164,,Monroe,MI,451123,$0,0,$0,$0
264296,,Muskegon,MI,973451,"$334,818",0,$0,$0
264302,,Muskegon Hts,MI,439320,$0,0,$0,$0
264386,,Niles,MI,278083,$0,0,$0,$0
264452,,Norton Shores,MI,120377,$0,0,$0,$0
264974,,Portage,MI,223110,$0,0,$0,$0
265010,,Port Huron,MI,789389,"$267,869",0,$0,$0
265148,,Redford,MI,909842,$0,0,$0,$0
265286,,Roseville,MI,594461,$0,0,$0,$0
265304,,Royal Oak,MI,1179146,$0,0,$0,$0
265340,,Saginaw,MI,2126460,"$397,542",181809,$0,$0
265370,,St Clair Shores,MI,854370,$0,0,$0,$0
265664,,Southfield,MI,447644,$0,0,$0,$0
265814,,Sterling Heights,MI,790782,$0,0,$0,$0
265934,,Taylor,MI,474840,$0,0,$0,$0
266252,,Warren,MI,1052077,"$496,608",0,"$772,614",$0
266267,,Waterford Township,MI,368099,$0,0,$0,$0
266378,,Westland,MI,1090838,"$301,719",0,$0,$0
266624,,Wyoming,MI,550935,$0,0,$0,$0
269049,,Genesee County,MI,1827824,"$802,589",155193,$0,$0
269081,26C991,Kent County,MI,1756819,"$916,592",149297,$0,$0
269099,26C962,Macomb County,MI,1787133,"$1,594,396",158080,$0,$0
269125,26C152,Oakland County,MI,5311554,"$2,772,518",333894,$0,$0
269161,,Washtenaw County,MI,2123502,"$1,264,807",178973,$0,$0
269163,26C978,Wayne County,MI,5449905,"$2,668,703",461580,$0,$0
269999,,Michigan Nonentitlement,MI,33892168,"$15,959,389",4844782,"$1,591,510","$5,363,424"
270456,,Bloomington,MN,446226,$0,0,$0,$0
271266,,Duluth,MN,2375204,"$541,106",200644,$0,$0
271338,,Eden Prairie,MN,251369,$0,0,$0,$0
272922,,Mankato City,MN,376417,$0,0,$0,$0
273120,,Minneapolis,MN,11054722,"$2,625,031",947515,"$1,538,539",$0
273198,,Moorhead,MN,239674,$0,0,$0,$0
273768,,Plymouth,MN,270798,$0,0,$0,$0
273930,,Rochester,MN,653268,$0,0,$0,$0
274104,,St Cloud,MN,584398,$0,0,$0,$0
274164,,St Paul,MN,6764245,"$1,748,058",578890,$0,$0
275040,,Woodbury City,MN,213082,$0,0,$0,$0
279003,,Anoka County,MN,1594873,$0,0,$0,$0
279037,27C024,Dakota County,MN,1887578,"$2,295,682",164742,$0,$0
279053,27C023,Hennepin County,MN,2897879,"$1,691,846",252131,$0,$0
279123,,Ramsey County,MN,1194448,$0,0,$0,$0
279137,27C022,St Louis County,MN,1910265,"$495,997",163682,$0,$0
279163,,Washington County,MN,720379,$0,0,$0,$0
279999,,Minnesota Nonentitlement,MN,18501140,"$7,748,270",2127508,"$224,186","$3,228,942"
280132,,Biloxi,MS,470034,$0,0,$0,$0
280612,28C903,Gulfport,MS,700035,"$440,141",0,$0,$0
280630,,Hattiesburg,MS,561417,"$284,296",0,$0,$0
280726,,Jackson,MS,1898486,"$910,781",160054,"$1,446,896",$0
281002,,Moss Point,MS,107688,$0,0,$0,$0
281134,,Pascagoula,MS,183709,$0,0,$0,$0
289999,,Mississippi Nonentitleme,MS,24939374,"$9,257,161",2280468,"$1,483,965","$3,000,000"
290534,,Blue Springs,MO,260678,$0,0,$0,$0
291152,,Columbia,MO,923114,"$582,720",0,$0,$0
291806,,Florissant,MO,248515,$0,0,$0,$0
292562,,Independence,MO,831763,"$473,718",0,$0,$0
292628,,Jefferson City,MO,292733,$0,0,$0,$0
292652,29C976,Joplin,MO,547918,"$438,735",0,$0,$0
292670,,Kansas City,MO,7579197,"$2,155,726",657798,"$1,604,084",$0
292958,,Lees Summit,MO,373739,$0,0,$0,$0
293852,,O'Fallon,MO,278066,$0,0,$0,$0
294614,,St Joseph,MO,1567068,"$360,505",0,$0,$0
294626,,St Louis,MO,17928345,"$2,784,620",1510235,"$2,061,285",$0
294884,,Springfield,MO,1446871,"$940,173",0,$0,$0
299099,,Jefferson County,MO,1175850,$0,0,$0,$0
299183,,St. Charles County,MO,1074952,$0,0,$0,$0
299189,29C141,St Louis County,MO,5621323,"$3,352,343",475671,$0,$0
299999,,Missouri Nonentitlement,MO,22605246,"$11,527,796",2671207,"$792,945","$3,647,539"
300066,,Billings,MT,649979,"$320,788",0,$0,$0
300342,,Great Falls,MT,794666,"$273,088",0,$0,$0
300540,,Missoula,MT,529166,"$353,625",0,$0,$0
309999,,Montana Nonentitlement,MT,6356042,"$3,005,732",700400,$0,"$3,000,000"
310276,,Bellevue,NE,355531,$0,0,$0,$0
311254,,Grand Island,NE,413557,$0,0,$0,$0
311710,,Lincoln,NE,1838414,"$1,116,577",155381,$0,$0
312208,31C7M1,Omaha,NE,4596670,"$2,127,463",404838,$0,$0
319999,,Nebraska Nonentitlement,NE,10721667,"$3,674,297",976692,"$540,135","$3,000,000"
320096,,Henderson,NV,1412482,"$626,704",0,$0,$0
320108,,Las Vegas,NV,5074650,"$2,019,021",441833,"$1,712,967",$0
320138,,North Las Vegas,NV,1916581,$0,171951,$0,$0
320150,32C309,Reno,NV,2212688,"$1,346,517",184310,$0,$0
320156,,Sparks,NV,691196,$0,0,$0,$0
329003,32C038,Clark County,NV,7699889,"$3,636,543",650308,$0,$0
329999,,Nevada Nonentitlement,NV,3336990,"$3,005,732",457812,"$369,452","$3,000,000"
330378,,Dover,NH,293531,$0,0,$0,$0
330930,,Manchester,NH,1782339,"$609,518",155561,$0,$0
331026,,Nashua,NH,646750,"$359,905",0,$0,$0
331254,,Portsmouth,NH,526934,$0,0,$0,$0
331284,,Rochester,NH,259943,$0,0,$0,$0
339999,,New Hampshire Nonentitlement,NH,8864744,"$3,483,585",901293,$0,"$3,000,000"
340072,,Asbury Park,NJ,386843,$0,0,$0,$0
340078,,Atlantic City,NJ,1214260,"$428,991",0,$0,$0
340138,,Bayonne,NJ,1533452,$0,0,$0,$0
340246,,Bloomfield,NJ,1007693,$0,0,$0,$0
340318,,Brick Township,NJ,299207,$0,0,$0,$0
340324,,Bridgeton,NJ,318251,$0,0,$0,$0
340414,,Camden,NJ,2386564,"$731,746",206373,"$1,046,026",$0
340474,,Cherry Hill,NJ,445078,$0,0,$0,$0
340540,,Clifton,NJ,1076496,$0,0,$0,$0
340672,,Toms River Township,NJ,373151,$0,0,$0,$0
340732,,East Orange,NJ,1440036,"$485,678",0,$0,$0
340780,,Edison,NJ,543858,$0,0,$0,$0
340798,,Elizabeth,NJ,1574365,"$857,485",150884,$0,$0
340870,,Ewing Township,NJ,229019,$0,0,$0,$0
341008,,Franklin Township,NJ,265058,$0,0,$0,$0
341110,,Gloucester Twp,NJ,294485,$0,0,$0,$0
341206,,Hamilton,NJ,614817,$0,0,$0,$0
341362,,Hoboken City,NJ,1062187,$0,0,$0,$0
341434,,Irvington,NJ,1105103,"$408,877",0,$0,$0
341464,,Jersey City,NJ,5558690,"$1,925,273",475087,"$2,411,528",$0
341566,,Lakewood Township,NJ,1047682,$0,0,$0,$0
341716,,Long Branch,NJ,456968,$0,0,$0,$0
341974,,Middletown,NJ,266423,$0,0,$0,$0
342016,,Millville,NJ,274560,$0,0,$0,$0
342190,,Newark,NJ,7136919,"$2,467,446",608884,"$5,841,359",$0
342196,,New Brunswick,NJ,875570,"$483,322",0,$0,$0
342250,,North Bergen Township,NJ,618614,$0,0,$0,$0
342340,,Ocean City,NJ,278423,$0,0,$0,$0
342378,,Old Bridge Township,NJ,268609,$0,0,$0,$0
342448,,Parsippany-Troyhills Twp,NJ,223600,$0,0,$0,$0
342454,,Passaic,NJ,1293967,"$742,520",0,$0,$0
342466,,Paterson,NJ,2277792,"$823,238",192721,"$1,682,883",$0
342532,,Perth Amboy,NJ,574360,"$360,120",0,$0,$0
342886,,Sayreville,NJ,225183,$0,0,$0,$0
343216,,Trenton,NJ,2745820,"$743,213",225818,$0,$0
343234,,Union City,NJ,1019605,$0,0,$0,$0
343252,,Union Township,NJ,614714,$0,0,$0,$0
343330,34C121,Vineland,NJ,485787,"$557,076",0,$0,$0
343438,,Wayne Township,NJ,194422,$0,0,$0,$0
343624,,Woodbridge,NJ,635852,$0,0,$0,$0
349001,34C502,Atlantic County,NJ,1217645,"$670,111",0,$0,$0
349003,,Bergen County,NJ,9078076,"$2,625,823",771935,$0,$0
349005,34C963,Burlington County,NJ,1455671,"$811,695",0,$0,$0
349007,34C120,Camden County,NJ,2418965,"$1,039,489",201785,$0,$0
349013,34C142,Essex County,NJ,5196315,"$1,081,898",440579,$0,$0
349015,34C951,Gloucester County,NJ,1347415,"$573,217",0,$0,$0
349017,34C026,Hudson County,NJ,1991330,"$2,507,371",166963,$0,$0
349023,34C401,Middlesex County,NJ,1946078,"$1,477,672",157532,$0,$0
349025,34C904,Monmouth County,NJ,2223464,"$1,407,272",207750,$0,$0
349027,34C303,Morris County,NJ,1938271,"$762,900",164010,$0,$0
349029,34C025,Ocean County,NJ,1352468,"$1,281,999",0,$0,$0
349031,,Passaic County,NJ,860233,$0,0,$0,$0
349035,34C053,Somerset County,NJ,1084811,"$504,493",0,$0,$0
349039,34C027,Union County,NJ,4518881,"$1,161,189",379822,$0,$0
349999,,New Jersey Nonentitlement,NJ,6842709,"$4,845,826",3052410,"$1,584,668","$6,968,067"
34C119,34C119,CNSRT-Mercer County,NJ,0,"$581,728",0,$0,$0
350012,,Albuquerque,NM,4502479,"$1,924,439",378448,"$489,104",$0
350204,,Farmington,NM,363255,$0,0,$0,$0
350336,,Las Cruces,NM,908445,"$412,433",0,$0,$0
350479,,Rio Rancho,NM,572648,$0,0,$0,$0
350534,,Santa Fe,NM,659051,$0,0,$0,$0
359999,,New Mexico Nonentitlement,NM,11159156,"$4,685,234",1149002,"$423,224","$3,000,000"
360040,,Albany,NY,3338647,"$879,669",285840,"$679,993",$0
360152,36C103,Amherst Town,NY,593912,"$835,210",0,$0,$0
360300,,Auburn,NY,845411,$0,0,$0,$0
360352,,Babylon Town,NY,1049399,"$426,021",0,$0,$0
360556,,Binghamton,NY,1906443,"$486,312",160768,$0,$0
360744,,Brookhaven Town,NY,2219415,"$893,594",188316,"$2,121,337",$0
360784,,Buffalo,NY,13706335,"$3,007,593",1160583,"$798,764",$0
361152,,Cheektowaga Town,NY,1001596,$0,0,$0,$0
361380,,Colonie Town,NY,351898,$0,0,$0,$0
361756,,Dunkirk,NY,474831,$0,0,$0,$0
362000,,Elmira,NY,1195972,"$333,467",0,$0,$0
362480,,Glen Falls,NY,480739,$0,0,$0,$0
362572,,Greece,NY,388811,$0,0,$0,$0
362688,,Hamburg Town,NY,406007,$0,0,$0,$0
363088,,Huntington Town,NY,841740,$0,0,$0,$0
363140,,Irondequoit,NY,898207,$0,0,$0,$0
363160,,Islip Town,NY,2017638,"$648,122",161458,$0,$0
363168,,Ithaca,NY,688397,"$305,972",0,$0,$0
363180,,Jamestown,NY,1165646,"$315,537",0,$0,$0
363300,,Kingston,NY,727735,$0,0,$0,$0
364004,,Middletown,NY,498458,$0,0,$0,$0
364212,,Mount Vernon,NY,1661732,"$440,662",0,$0,$0
364320,,Newburgh,NY,838786,$0,0,$0,$0
364408,,New Rochelle,NY,1411982,"$380,087",0,$0,$0
364436,,New York,NY,166843617,"$69,126,329",14126459,"$44,033,544",$0
364448,,Niagara Falls,NY,2309381,"$427,400",199282,$0,$0
365312,,Poughkeepsie,NY,827288,$0,0,$0,$0
365544,,Rochester,NY,8068554,"$2,316,190",685960,"$958,466",$0
365572,,Rome,NY,1014780,$0,0,$0,$0
365800,,Saratoga Springs,NY,306269,$0,0,$0,$0
365848,36C009,Schenectady,NY,2217193,"$1,015,556",189952,$0,$0
366376,,Syracuse,NY,4854840,"$1,284,862",413972,"$389,331",$0
366468,,Tonawanda Town,NY,1651069,$0,141286,$0,$0
366500,,Troy,NY,1781861,$0,149069,$0,$0
366588,,Union Town,NY,1232339,$0,0,$0,$0
366612,,Utica,NY,2455392,"$614,774",207655,$0,$0
366848,,Watertown city,NY,913077,$0,0,$0,$0
367096,,White Plains,NY,835982,$0,0,$0,$0
367260,,Yonkers,NY,3429842,"$1,067,708",285356,$0,$0
369027,36C301,Dutchess County,NY,1396966,"$843,698",0,$0,$0
369029,36C006,Erie County,NY,3047317,"$825,749",231429,$0,$0
369055,36C007,Monroe County,NY,1837559,"$1,058,488",153145,$0,$0
369059,,Nassau County,NY,14027286,"$2,280,375",1206363,$0,$0
369067,36C008,Onondaga County,NY,2269106,"$607,259",166038,$0,$0
369071,36C302,Orange County,NY,1760135,"$1,106,051",146454,$0,$0
369087,,Rockland County,NY,1611125,"$638,638",0,$0,$0
369103,36C144,Suffolk County,NY,1235079,"$635,270",0,$0,$0
369119,,Westchester County,NY,3544891,"$880,565",0,$0,$0
369999,,New York Nonentitlement,NY,47893332,"$23,775,283",6483936,"$2,630,423","$19,152,427"
36C202,36C202,CNSRT-Jefferson County,NY,0,"$776,579",0,$0,$0
370108,37C111,Asheville,NC,1009176,"$1,229,155",0,$0,$0
370432,,Burlington,NC,465963,$0,0,$0,$0
370504,,Cary,NC,650061,$0,0,$0,$0
370552,,Chapel Hill,NC,386584,$0,0,$0,$0
370558,37C905,Charlotte,NC,5827128,"$2,972,112",507237,"$2,725,653",$0
370660,37C503,Concord,NC,633508,"$1,206,157",0,$0,$0
370828,37C205,Durham,NC,1988113,"$1,082,516",169200,"$429,110",$0
371002,,Fayetteville,NC,1443783,"$769,913",0,$0,$0
371092,37C110,Gastonia,NC,671841,"$745,759",0,$0,$0
371158,,Goldsboro,NC,328479,"$214,732",0,$0,$0
371188,37C304,Greensboro,NC,2229827,"$1,674,811",183371,"$474,056",$0
371194,,Greenville,NC,918753,"$495,622",0,$0,$0
371338,,Hickory,NC,316023,$0,0,$0,$0
371356,,High Point,NC,947596,"$504,820",0,$0,$0
371452,,Jacksonville,NC,352523,$0,0,$0,$0
371494,,Kannapolis,NC,375358,$0,0,$0,$0
371644,37C113,Lenoir,NC,135877,"$1,102,000",0,$0,$0
371944,,Morganton,NC,148237,$0,0,$0,$0
372028,,New Bern city,NC,234803,$0,0,$0,$0
372304,,Raleigh,NC,3136516,"$1,408,766",272027,$0,$0
372406,37C504,Rocky Mount,NC,560957,"$537,505",0,$0,$0
372508,,Salisbury,NC,290017,$0,0,$0,$0
373144,,Wilmington,NC,957054,"$614,346",0,$0,$0
373180,37C109,Winston-Salem,NC,2180746,"$1,270,660",187896,$0,$0
379051,,Cumberland County,NC,836657,"$364,750",0,$0,$0
379119,,Mecklenburg County,NC,765102,$0,0,$0,$0
379179,,Union County,NC,834665,$0,0,$0,$0
379183,37C950,Wake County,NC,2068700,"$882,933",161478,"$809,265",$0
379999,,North Carolina Nonentitlement,NC,47529379,"$16,774,622",5201091,"$3,204,956","$5,259,160"
37C112,37C112,CNSRT-Surry County,NC,0,"$537,671",0,$0,$0
37C204,37C204,CNSRT-Orange County,NC,0,"$350,302",0,$0,$0
380228,,Bismarck,ND,376992,$0,0,$0,$0
380636,,Fargo,ND,760623,"$454,741",0,$0,$0
380816,,Grand Forks,ND,430422,$0,0,$0,$0
389999,,North Dakota Nonentitlement,ND,3955356,"$3,005,732",465045,$0,"$3,000,000"
390042,,Akron,OH,6074068,"$1,365,865",515116,$0,$0
390066,,Alliance,OH,600083,$0,0,$0,$0
390294,,Barberton,OH,632858,$0,0,$0,$0
390600,,Bowling Green,OH,306283,$0,0,$0,$0
390858,,Canton,OH,2586977,"$588,572",219197,$0,$0
391062,,Cincinnati,OH,11535707,"$2,675,728",983142,"$1,013,119",$0
391104,,Cleveland,OH,21154188,"$4,512,419",1796770,"$1,402,636",$0
391110,,Cleveland Heights,OH,1604297,$0,0,$0,$0
391176,,Columbus,OH,7097726,"$4,035,244",597045,"$1,253,358",$0
391320,,Cuyahoga Falls,OH,645436,$0,0,$0,$0
391362,39C964,Dayton,OH,5761323,"$1,430,128",485102,"$428,577",$0
391500,,East Cleveland,OH,1089370,"$251,413",0,$0,$0
391602,,Elyria,OH,721491,$0,0,$0,$0
391626,,Euclid,OH,1007179,$0,0,$0,$0
391638,,Fairborn,OH,273916,$0,0,$0,$0
392118,,Hamilton City,OH,1433787,"$375,150",0,$0,$0
392508,,Kent,OH,283165,$0,0,$0,$0
392526,,Kettering,OH,557907,$0,0,$0,$0
392628,,Lakewood,OH,1983757,$0,170710,$0,$0
392634,,Lancaster,OH,478510,$0,0,$0,$0
392730,,Lima,OH,1031226,"$293,299",0,$0,$0
392820,,Lorain,OH,1185533,"$366,277",0,$0,$0
393012,,Mansfield,OH,854831,"$252,424",0,$0,$0
393054,,Marietta,OH,400092,$0,0,$0,$0
393114,,Massillon,OH,638441,$0,0,$0,$0
393168,,Mentor,OH,153776,$0,0,$0,$0
393222,,Middletown,OH,724744,$0,0,$0,$0
393558,,Newark,OH,733953,$0,0,$0,$0
394098,,Parma,OH,954691,$0,0,$0,$0
394680,,Sandusky,OH,721669,$0,0,$0,$0
394998,,Springfield,OH,1850398,"$505,890",155993,$0,$0
395016,,Steubenville,OH,611196,$0,0,$0,$0
395214,,Toledo,OH,7423463,"$2,080,076",632768,$0,$0
395454,39C012,Warren,OH,1148867,"$657,370",0,$0,$0
395874,,Youngstown,OH,3508076,"$604,632",297945,$0,$0
399017,39C805,Butler County,OH,1231253,"$732,869",0,$0,$0
399025,,Clermont County,OH,975508,$0,0,$0,$0
399035,39C107,Cuyahoga County,OH,3974899,"$2,437,075",330473,$0,$0
399049,,Franklin County,OH,1965698,"$800,574",166845,$0,$0
399061,,Hamilton County,OH,3330705,"$1,339,817",279229,$0,$0
399085,,Lake County,OH,1346768,"$446,330",0,$0,$0
399113,,Montgomery County,OH,1929129,"$994,814",164109,$0,$0
399151,39C106,Stark County,OH,1340092,"$755,801",0,$0,$0
399153,,Summit County,OH,955282,"$421,236",0,$0,$0
399165,,Warren County,OH,733903,$0,0,$0,$0
399999,,Ohio Nonentitlement,OH,44991805,"$22,469,609",5954891,"$1,454,536","$6,190,138"
400918,,Edmond,OK,444258,$0,0,$0,$0
400966,,Enid,OK,424875,$0,0,$0,$0
401734,,Lawton,OK,668746,"$327,362",0,$0,$0
402016,,Midwest City,OK,386875,$0,0,$0,$0
402046,,Moore City,OK,321959,$0,0,$0,$0
402190,,Norman,OK,850844,"$374,974",0,$0,$0
402268,,Oklahoma City,OK,4869051,"$2,214,939",415903,"$793,749",$0
402718,,Shawnee,OK,311414,$0,0,$0,$0
403036,,Tulsa,OK,3417782,"$1,658,265",284239,"$527,026",$0
409143,40C306,Tulsa County,OK,1391322,"$1,001,261",0,$0,$0
409999,,Oklahoma Nonentitlement,OK,14152241,"$7,611,246",1584755,"$369,988","$3,000,000"
410012,,Albany,OR,380311,$0,0,$0,$0
410042,,Ashland,OR,178562,$0,0,$0,$0
410108,,Beaverton,OR,718030,$0,0,$0,$0
410114,,Bend,OR,521981,$0,0,$0,$0
410288,,Corvallis,OR,539027,$0,0,$0,$0
410426,41C033,Eugene,OR,1391534,"$1,215,155",0,$0,$0
410540,,Grants Pass,OR,349140,$0,0,$0,$0
410564,,Gresham,OR,1012678,$0,0,$0,$0
410636,,Hillsboro,OR,750137,$0,0,$0,$0
410888,,Medford,OR,715527,$0,0,$0,$0
411098,41C032,Portland,OR,8509881,"$3,665,146",728939,"$1,592,044",$0
411140,,Redmond,OR,265711,$0,0,$0,$0
411200,41C212,Salem,OR,1307573,"$750,949",0,$0,$0
411290,,Springfield,OR,554179,$0,0,$0,$0
419005,,Clackamas County,OR,2132218,"$956,845",189166,$0,$0
419051,,Multnomah County,OR,307987,$0,0,$0,$0
419067,41C213,Washington County,OR,2187250,"$1,587,946",181923,$0,$0
419999,,Oregon Nonentitlement,OR,13277173,"$8,873,567",1881446,"$557,084","$3,451,918"
420015,,Abington,PA,781243,$0,0,$0,$0
420096,,Allentown,PA,2257632,"$870,784",194268,"$432,321",$0
420114,,Altoona,PA,1569934,"$278,735",0,$0,$0
420438,,Bensalem Township,PA,327974,$0,0,"$763,072",$0
420474,,Berwick Borough,PA,321741,$0,0,$0,$0
420504,,Bethlehem,PA,1335744,"$400,540",0,$0,$0
420588,,Bloomsburg,PA,256394,$0,0,$0,$0
420726,,Bristol Township,PA,602959,$0,0,$0,$0
420930,,Carlisle,PA,370090,$0,0,$0,$0
421047,,Chambersburg,PA,332090,$0,0,$0,$0
421116,,Chester,PA,1236763,"$321,768",0,$0,$0
422178,,Erie,PA,3074352,"$788,489",261906,$0,$0
422898,,Harrisburg,PA,1908354,"$432,187",166243,"$432,055",$0
422937,,Haverford,PA,829627,$0,0,$0,$0
422958,,Hazleton,PA,687996,$0,0,$0,$0
423411,,Johnstown,PA,1249470,"$220,686",0,$0,$0
423573,,Lancaster City,PA,1660779,$0,142487,$0,$0
423657,,Lebanon,PA,648962,$0,0,$0,$0
423951,,Lower Merion,PA,990801,$0,0,$0,$0
424086,,Mckeesport,PA,1071871,$0,0,$0,$0
424434,,Millcreek Township,PA,244561,$0,0,$0,$0
424914,,Norristown,PA,855326,$0,0,$0,$0
425340,,Penn Hills,PA,714721,$0,0,$0,$0
425451,,Philadelphia,PA,42828109,"$10,371,509",3611900,"$7,343,333",$0
425529,,Pittsburgh,PA,13840505,"$2,155,155",1180626,"$1,071,974",$0
425793,,Reading,PA,2553505,"$937,491",220956,$0,$0
426201,,Scranton,PA,2684818,"$520,188",229061,$0,$0
426258,,Sharon,PA,561246,$0,0,$0,$0
426711,,State College,PA,504649,"$364,165",0,$0,$0
427227,,Upper Darby,PA,1607472,$0,0,$0,$0
427947,,Wilkes-Barre,PA,1520526,"$352,856",0,$0,$0
427962,,Williamsport,PA,1004158,"$203,214",0,$0,$0
428136,,York,PA,1466403,"$468,766",0,$0,$0
429003,42C403,Allegheny County,PA,13722519,"$2,859,010",1164791,$0,$0
429007,,Beaver County,PA,3250293,"$505,943",274427,$0,$0
429011,,Berks County,PA,2336347,"$582,254",194532,$0,$0
429017,42C028,Bucks County,PA,2094357,"$971,092",175338,$0,$0
429029,,Chester County,PA,2522457,"$1,048,246",217335,$0,$0
429041,,Cumberland County,PA,1210877,"$474,883",0,$0,$0
429043,,Dauphin County,PA,1423357,"$560,650",0,$0,$0
429045,,Delaware County,PA,3631060,"$916,193",306369,$0,$0
429071,42C987,Lancaster County,PA,2820212,"$1,681,158",242965,$0,$0
429077,,Lehigh County,PA,1216119,$0,0,$0,$0
429079,,Luzerne County,PA,4048612,"$678,656",351752,$0,$0
429091,,Montgomery County,PA,3223314,"$1,241,745",277241,$0,$0
429095,,Northampton County,PA,2103140,"$568,799",0,$0,$0
429125,,Washington County,PA,3484438,"$558,268",295062,$0,$0
429129,42C125,Westmoreland County,PA,3436823,"$871,414",289330,$0,$0
429133,,York County,PA,2114080,"$801,703",183182,$0,$0
429999,,Pennsylvania Nonentitlement,PA,39785393,"$18,661,120",5769743,"$1,918,693","$6,879,626"
440054,,Cranston,RI,1065357,$0,0,$0,$0
440072,,East Providence,RI,735234,$0,0,$0,$0
440210,,Pawtucket,RI,1810854,"$487,318",158720,$0,$0
440222,,Providence,RI,5020061,"$1,546,980",427181,"$1,180,379",$0
440276,,Warwick,RI,965137,$0,0,$0,$0
440306,,Woonsocket,RI,1285344,"$427,242",113674,$0,$0
449999,,Rhode Island Nonentitlement,RI,5414189,"$3,475,044",699115,$0,"$3,000,000"
450012,,Aiken,SC,195088,$0,0,$0,$0
450030,,Anderson,SC,612789,$0,0,$0,$0
450300,,Charleston,SC,844413,"$519,104",0,"$725,261",$0
450372,,Columbia,SC,1043036,"$563,486",0,"$1,475,403",$0
450534,,Florence,SC,264749,$0,0,$0,$0
450648,,Greenville,SC,761906,"$266,933",0,"$537,725",$0
450716,,Hilton Head Island,SC,236013,$0,0,$0,$0
451386,,Rock Hill,SC,509284,$0,0,$0,$0
451554,,Spartanburg,SC,675002,"$208,241",0,$0,$0
451608,,Summerville,SC,248016,$0,0,$0,$0
451620,,Sumter,SC,306499,$0,0,$0,$0
459019,,Charleston County,SC,1768692,"$732,515",149581,$0,$0
459045,,Greenville County,SC,2656722,"$1,114,857",230839,$0,$0
459051,45C808,Horry County,SC,2053588,"$1,025,095",175368,$0,$0
459063,,Lexington County,SC,1790054,"$644,944",152129,$0,$0
459079,,Richland County,SC,1519657,"$676,580",0,$0,$0
459083,,Spartanburg County,SC,1515163,"$558,819",0,$0,$0
459999,,South Carolina Nonentitlement,SC,20128358,"$6,527,338",2455323,"$2,061,285","$3,000,000"
45C108,45C108,CNSRT-Sumter County,SC,0,"$707,854",0,$0,$0
45C967,45C967,CNSRT-Beaufort County,SC,0,"$585,391",0,$0,$0
45C973,45C973,CNSRT-Anderson County,SC,0,"$527,551",0,$0,$0
45C990,45C990,CNSRT-Orangeburg County,SC,0,"$921,762",0,$0,$0
461392,,Rapid City,SD,509455,$0,0,$0,$0
461518,,Sioux Falls,SD,996290,"$470,435",0,$0,$0
469999,,South Dakota Nonentitlement,SD,5753393,"$3,005,732",607391,$0,"$3,000,000"
470228,47C1M3,Bristol,TN,195764,"$1,019,714",0,$0,$0
470336,,Chattanooga,TN,1609780,"$774,238",143490,$0,$0
470354,,Clarksville,TN,1061545,"$447,789",0,$0,$0
470360,,Cleveland,TN,383338,$0,0,$0,$0
470672,,Franklin City,TN,353910,$0,0,$0,$0
470834,,Hendersonville,TN,201032,$0,0,$0,$0
470924,,Jackson,TN,526940,"$294,460",0,$0,$0
470954,,Johnson City,TN,499294,$0,0,$0,$0
470990,,Kingsport,TN,391364,$0,0,$0,$0
471014,,Knoxville,TN,1694012,"$1,043,957",0,$0,$0
471242,,Memphis,TN,6647099,"$3,394,354",558874,"$3,532,093",$0
471326,,Morristown,TN,290896,$0,0,$0,$0
471362,,Murfreesboro,TN,868733,$0,0,$0,$0
471368,,Nashville-Davidson,TN,5112559,"$2,330,266",432358,"$1,373,743",$0
471422,,Oak Ridge,TN,239094,$0,0,$0,$0
479093,,Knox County,TN,1215119,"$410,855",0,$0,$0
479157,,Shelby County,TN,1189423,"$377,362",0,$0,$0
479999,,Tennessee Nonentitlement,TN,27760023,"$12,960,298",3085852,"$1,404,510","$3,377,390"
480018,,Abilene,TX,891155,"$426,372",0,$0,$0
480090,,Allen,TX,422940,$0,0,$0,$0
480132,,Amarillo,TX,1619245,"$644,797",0,$0,$0
480222,,Arlington,TX,3273648,"$1,156,155",279640,$0,$0
480264,,Austin,TX,7772037,"$3,031,606",669980,"$1,659,729",$0
480390,,Baytown City,TX,608584,$0,0,$0,$0
480402,,Beaumont,TX,1337723,"$457,530",0,$0,$0
480726,,Brownsville,TX,2703842,"$856,355",229015,$0,$0
480738,,Bryan,TX,848059,"$339,499",0,$0,$0
480900,,Carrollton,TX,828463,$0,0,$0,$0
481104,,College Station,TX,1087765,"$473,289",0,$0,$0
481158,,Conroe,TX,614280,$0,0,$0,$0
481206,,Corpus Christi,TX,2650562,"$1,055,648",228067,$0,$0
481338,,Dallas,TX,14697642,"$5,427,679",1256675,"$7,058,692",$0
481410,,Denison,TX,324384,$0,0,$0,$0
481416,,Denton,TX,993188,"$456,752",0,$0,$0
481434,,Desoto,TX,288079,$0,0,$0,$0
481608,,Edinburg,TX,1004042,$0,0,$0,$0
481680,,El Paso,TX,6278141,"$2,371,533",530773,"$556,720",$0
481824,,Flower Mound Town,TX,213805,$0,0,$0,$0
481896,,Fort Worth,TX,7270678,"$2,662,983",616266,"$1,505,634",$0
481944,,Frisco,TX,563887,$0,0,$0,$0
481986,,Galveston,TX,1199293,"$258,450",0,$0,$0
481998,,Garland,TX,2141851,"$676,698",180552,$0,$0
482142,,Grand Prairie,TX,1496990,"$484,819",0,$0,$0
482304,,Harlingen,TX,903660,"$297,943",0,$0,$0
482514,,Houston,TX,23936444,"$9,307,715",2031897,"$9,882,076",$0
482628,,Irving,TX,2239119,"$774,600",187406,$0,$0
482820,,Killeen,TX,944218,"$410,861",0,$0,$0
483042,,Laredo,TX,3730742,"$1,085,399",316494,$0,$0
483084,,League City,TX,387552,$0,0,$0,$0
483132,,Lewisville,TX,725927,$0,0,$0,$0
483246,,Longview,TX,667828,"$286,235",0,$0,$0
483288,,Lubbock,TX,2087064,"$887,191",172276,$0,$0
483330,,Mc Allen,TX,1593947,"$481,562",0,$0,$0
483348,,Mckinney City,TX,761993,$0,0,$0,$0
483438,,Marshall,TX,353629,$0,0,$0,$0
483546,,Mesquite,TX,1128827,$0,0,$0,$0
483564,,Midland,TX,915709,$0,0,$0,$0
483606,,Mission,TX,915349,$0,0,$0,$0
483612,,Missouri City,TX,284700,$0,0,$0,$0
483798,,New Braunfels,TX,393910,$0,0,$0,$0
483924,,Odessa,TX,835073,"$245,777",0,$0,$0
483966,,Orange,TX,335033,$0,0,$0,$0
484068,,Pasadena,TX,1632083,"$502,792",140211,$0,$0
484080,,Pearland,TX,429719,$0,0,$0,$0
484140,,Pflugerville city,TX,261741,$0,0,$0,$0
484146,,Pharr,TX,1150390,$0,0,$0,$0
484206,,Plano,TX,1349727,"$514,643",0,$0,$0
484248,,Port Arthur,TX,1088228,"$246,524",0,$0,$0
484674,,Round Rock,TX,686770,$0,0,$0,$0
484686,,Rowlett,TX,244200,$0,0,$0,$0
484752,,San Angelo,TX,651073,"$294,961",0,$0,$0
484758,,San Antonio,TX,12880355,"$5,100,964",1081148,"$1,814,626",$0
484770,,San Benito,TX,378668,$0,0,$0,$0
484812,,San Marcos,TX,680998,$0,0,$0,$0
484962,,Sherman,TX,358317,$0,0,$0,$0
485316,,Temple,TX,588159,$0,0,$0,$0
485340,,Texarkana,TX,360642,$0,0,$0,$0
485346,,Texas City,TX,417499,$0,0,$0,$0
485496,,Tyler,TX,864656,"$347,216",0,$0,$0
485580,,Victoria,TX,562681,$0,0,$0,$0
485592,,Waco,TX,1302073,"$628,043",0,$0,$0
485826,,Wichita Falls,TX,1241545,"$391,886",0,$0,$0
489029,,Bexar County,TX,2299875,"$652,665",202772,$0,$0
489039,,Brazoria County,TX,1736521,"$478,237",155816,$0,$0
489113,,Dallas County,TX,2201386,"$693,610",183232,$0,$0
489157,,Fort Bend County,TX,3090195,"$737,236",224896,$0,$0
489201,,Harris County,TX,13456439,"$4,070,904",1135793,$0,$0
489215,,Hidalgo County,TX,7356817,"$1,854,761",641618,$0,$0
489339,,Montgomery County,TX,2559415,"$614,067",220445,$0,$0
489439,48C970,Tarrant County,TX,4179449,"$1,369,455",229487,$0,$0
489453,,Travis County,TX,1164241,$0,0,$0,$0
489491,,Williamson County,TX,1467836,$0,0,$0,$0
489999,,Texas Nonentitlement,TX,65974016,"$31,556,262",9127824,"$4,422,464","$10,956,435"
490174,,Clearfield,UT,209735,$0,0,$0,$0
490624,,Layton,UT,414904,$0,0,$0,$0
490642,,Lehi city,UT,251877,$0,0,$0,$0
490672,,Logan,UT,471651,$0,0,$0,$0
490888,,Ogden,UT,1015353,"$416,038",0,$0,$0
490918,,Orem,UT,686080,$0,0,$0,$0
491014,49C015,Provo,UT,1255621,"$1,296,068",0,$0,$0
491074,,St George,UT,608836,$0,0,$0,$0
491092,,Salt Lake City,UT,3433958,"$885,074",299289,"$533,446",$0
491098,,Sandy City,UT,376923,$0,0,$0,$0
491152,,South Jordan,UT,235263,$0,0,$0,$0
491239,,Taylorsville,UT,394832,$0,0,$0,$0
491338,,West Jordan,UT,570986,$0,0,$0,$0
491346,,West Valley,UT,1236314,$0,0,$0,$0
499011,,Davis County,UT,880955,$0,0,$0,$0
499035,49C014,Salt Lake County,UT,2478922,"$1,632,267",214436,$0,$0
499049,,Utah County,UT,1313945,$0,0,$0,$0
499999,,Utah Nonentitlement,UT,5368346,"$3,114,159",1300873,"$223,652","$3,000,000"
500288,,Burlington,VT,783216,"$427,103",0,$0,$0
509999,,Vermont Nonentitlement,VT,6920250,"$3,005,732",650838,$0,"$3,000,000"
510024,,Alexandria,VA,1027042,"$535,017",0,$0,$0
510114,51C975,Blacksburg,VA,516140,"$610,195",0,$0,$0
510186,,Bristol,VA,257838,$0,0,$0,$0
510264,51C126,Charlottesville,VA,393152,"$588,830",0,$0,$0
510288,,Chesapeake,VA,1093950,"$501,446",0,$0,$0
510312,,Christiansburg,VA,98420,$0,0,$0,$0
510384,,Colonial Heights,VA,104899,$0,0,$0,$0
510450,,Danville,VA,864447,"$248,310",0,$0,$0
510612,,Fredericksburg,VA,192416,$0,0,$0,$0
510720,,Hampton,VA,1114959,"$519,543",0,$0,$0
510726,,Harrisonburg,VA,576573,$0,0,$0,$0
510780,,Hopewell,VA,190398,$0,0,$0,$0
510960,,Lynchburg,VA,733512,"$392,864",0,$0,$0
511098,,Newport News,VA,1259514,"$714,010",0,$0,$0
511116,,Norfolk,VA,4384883,"$1,191,349",366887,$0,$0
511200,,Petersburg,VA,617397,$0,0,$0,$0
511236,,Portsmouth,VA,1572154,"$421,788",0,$0,$0
511272,,Radford,VA,169689,$0,0,$0,$0
511308,,Richmond,VA,4462031,"$1,455,440",376954,"$1,186,209",$0
511320,,Roanoke,VA,1734157,"$622,255",146988,$0,$0
511446,,Staunton,VA,354433,$0,0,$0,$0
511488,51C406,Suffolk,VA,459389,"$348,260",0,$0,$0
511590,,Virginia Beach,VA,2000488,"$1,032,111",169775,"$1,721,826",$0
511632,,Waynesboro city,VA,182768,$0,0,$0,$0
511674,51C979,Winchester,VA,227330,"$552,185",0,$0,$0
519013,,Arlington County,VA,1345258,"$712,272",0,$0,$0
519041,,Chesterfield County,VA,1410339,"$538,650",0,$0,$0
519059,,Fairfax County,VA,5609339,"$1,940,695",473009,$0,$0
519087,,Henrico County,VA,1678478,"$857,308",143640,$0,$0
519107,,Loudoun County,VA,1324740,$0,0,$0,$0
519153,,Prince William County,VA,2612812,"$889,428",212529,$0,$0
519999,,Virginia Nonentitlement,VA,18152427,"$9,890,363",2885391,"$1,087,223","$4,432,124"
530036,,Anacortes,WA,108496,$0,0,$0,$0
530054,,Auburn,WA,595742,$0,0,$0,$0
530084,,Bellevue,WA,764373,$0,0,$0,$0
530090,,Bellingham,WA,805312,"$511,743",0,$0,$0
530132,,Bremerton,WA,429362,$0,0,$0,$0
530396,,East Wenatchee City,WA,135695,$0,0,$0,$0
530480,,Everett,WA,919320,$0,0,$0,$0
530514,,Federal Way,WA,691143,$0,0,$0,$0
530720,,Kennewick,WA,663930,$0,0,$0,$0
530726,,Kent City,WA,1111021,$0,0,$0,$0
530795,,Lakewood,WA,563124,$0,0,$0,$0
530840,53C506,Longview,WA,314548,"$308,769",0,$0,$0
530906,,Marysville,WA,347846,$0,0,$0,$0
531020,,Mount Vernon,WA,390166,$0,0,$0,$0
531134,,Olympia,WA,368906,$0,0,$0,$0
531188,,Pasco,WA,704340,$0,0,$0,$0
531314,53C402,Richland,WA,309246,"$629,814",0,$0,$0
531392,,Seattle,WA,9339546,"$3,043,164",805090,"$2,600,883",$0
531488,,Spokane,WA,3271898,"$1,181,603",276545,$0,$0
531554,53C806,Tacoma,WA,2506226,"$1,349,770",208750,$0,$0
531668,,Vancouver,WA,1240677,"$646,431",0,$0,$0
531680,,Walla Walla city,WA,394643,$0,0,$0,$0
531728,,Wenatchee,WA,238184,$0,0,$0,$0
531830,,Yakima,WA,1032307,"$482,161",0,$0,$0
539011,,Clark County,WA,1458688,"$528,112",0,$0,$0
539033,53C127,King County,WA,5383569,"$3,507,924",270652,$0,$0
539035,53C505,Kitsap County,WA,1072790,"$673,887",0,$0,$0
539053,,Pierce County,WA,2998686,"$1,282,131",252374,$0,$0
539061,53C128,Snohomish County,WA,3017935,"$1,848,758",259666,$0,$0
539063,,Spokane County,WA,1583493,"$687,374",0,$0,$0
539067,53C143,Thurston County,WA,1205737,"$744,851",0,$0,$0
539999,,Washington Nonentitlement,WA,12521638,"$5,899,327",2732791,"$1,080,001","$4,740,488"
53C989,53C989,CNSRT-Yakima County,WA,0,"$460,401",0,$0,$0
53C998,53C998,CNSRT-Skagit County,WA,0,"$876,962",0,$0,$0
540090,,Beckley city,WV,313000,$0,0,$0,$0
540264,54C507,Charleston,WV,1501775,"$624,726",0,$0,$0
540666,54C203,Huntington,WV,1776665,"$632,431",149167,$0,$0
540846,54C974,Martinsburg,WV,341254,"$446,141",0,$0,$0
540930,,Morgantown,WV,405785,$0,0,$0,$0
541038,54C405,Parkersburg,WV,864795,"$323,902",0,$0,$0
541368,,Vienna City,WV,102695,$0,0,$0,$0
541392,,Weirton,WV,412648,$0,0,$0,$0
541446,54C404,Wheeling,WV,1163231,"$318,343",0,$0,$0
549999,,West Virginia Nonentitlement,WV,13672767,"$4,729,494",1581574,"$512,579","$3,000,000"
550216,,Appleton,WI,587652,$0,0,$0,$0
550568,,Beloit,WI,635719,$0,0,$0,$0
551920,,Eau Claire,WI,520660,"$329,068",0,$0,$0
552264,,Fond Du Lac,WI,557131,$0,0,$0,$0
552664,,Green Bay,WI,1013190,"$519,455",0,$0,$0
553224,55C702,Janesville,WI,499568,"$627,836",0,$0,$0
553316,,Kenosha,WI,1087503,"$510,507",0,$0,$0
553428,,La Crosse,WI,846162,"$300,293",0,$0,$0
553944,,Madison,WI,1889625,"$1,378,974",159201,$0,$0
554340,,Milwaukee,WI,15793966,"$5,379,947",1343635,"$868,655",$0
554588,,Neenah,WI,216455,$0,0,$0,$0
554960,,Oshkosh,WI,835154,$0,0,$0,$0
555424,,Racine,WI,1897496,"$505,439",161218,$0,$0
556000,,Sheboygan,WI,892414,$0,0,$0,$0
556492,,Superior,WI,687769,$0,0,$0,$0
556980,,Wausau,WI,597790,$0,0,$0,$0
557008,,Wauwatosa,WI,969886,$0,0,$0,$0
557056,,West Allis,WI,1249306,$0,0,$0,$0
559025,,Dane County,WI,1169155,"$583,549",0,$0,$0
559079,55C118,Milwaukee County,WI,1603413,"$1,170,904",0,$0,$0
559133,55C602,Waukesha County,WI,1405009,"$1,295,030",0,$0,$0
559999,,Wisconsin Nonentitlement,WI,26611562,"$10,412,376",3558666,"$693,693","$3,731,220"
560060,,Cheyenne,WY,447715,$0,0,$0,$0
569999,,Wyoming Nonentitlement,WY,3102693,"$3,506,687",323751,$0,"$3,000,000"
600001,,American Samoas,AS,942297,"$241,132",76223,$0,"$10,338"
660001,,Guam,GU,3110435,"$985,162",247680,$0,"$83,620"
690001,,Northern Mariana Islands,MP,963951,"$429,574",77346,$0,"$46,034"
729005,,Aguadilla Municipio,PR,847103,"$427,654",0,$0,$0
729013,,Arecibo Municipio,PR,1332046,"$517,071",0,$0,$0
729021,,Bayamon Municipio,PR,2220066,"$965,545",194674,$0,$0
729023,,Cabo Rojo Municipio,PR,794110,$0,0,$0,$0
729025,,Caguas Municipio,PR,1705935,"$720,674",147608,$0,$0
729029,,Canovanas Municipio,PR,746122,$0,0,$0,$0
729031,,Carolina Municipio,PR,1802252,"$732,339",158345,$0,$0
729035,,Cayey Municipio,PR,654943,$0,0,$0,$0
729041,,Cidra Municipio,PR,578677,$0,0,$0,$0
729053,,Fajardo Municipio,PR,527987,$0,0,$0,$0
729057,,Guayama Municipio,PR,672084,$0,0,$0,$0
729061,,Guaynabo Municipio,PR,908414,"$332,613",0,$0,$0
729069,,Humacao Municipio,PR,841961,$0,0,$0,$0
729071,,Isabela Municipio,PR,729010,$0,0,$0,$0
729075,,Juana Diaz Municipio,PR,761368,$0,0,$0,$0
729091,,Manati Municipio,PR,729792,$0,0,$0,$0
729097,,Mayaguez Municipio,PR,1339056,"$591,516",0,$0,$0
729113,,Ponce Municipio,PR,2396777,"$971,797",210769,$0,$0
729119,,Rio Grande Municipio,PR,679016,$0,0,$0,$0
729125,,San German Municipio,PR,557490,$0,0,$0,$0
729127,,San Juan Municipio,PR,7055896,"$2,440,754",593446,"$6,207,395",$0
729131,,San Sebastian Municipio,PR,663425,$0,0,$0,$0
729135,,Toa Alta Municipio,PR,829521,$0,0,$0,$0
729137,,Toa Baja Municipio,PR,1082477,"$402,782",0,$0,$0
729139,,Trujillo Alto Municipio,PR,811956,"$268,493",0,$0,$0
729145,,Vega Baja Municipio,PR,798301,$0,0,$0,$0
729153,,Yauco Municipio,PR,580099,$0,0,$0,$0
729999,,Puerto Rico Nonentitlement,PR,23715075,"$12,219,675",3576230,"$2,168,495","$1,034,301"
780001,,Virgin Islands,VI,1983317,"$844,132",158751,$0,"$90,138"